{"{\"turnsTimeSeries\":{\"1647839411134\":\"0\",\"1647839411225\":\"0\",\"1647839411332\":\"0\",\"1647839411734\":\"0\",\"1647839411846\":\"0\",\"1647839411922\":\"0\",\"1647839412002\":\"0\",\"1647839412030\":\"0\",\"1647839412128\":\"0\",\"1647839412235\":\"0\",\"1647839412338\":\"0\"},\"timestamp\":1647839412391,\"dst\":{\"area\":\"none\",\"book day\":\"none\",\"book people\":\"none\",\"book stay\":\"none\",\"internet\":\"none\",\"name\":\"none\",\"parking\":\"none\",\"pricerange\":\"none\",\"stars\":\"none\",\"type\":\"none\"}}": ""}