{"{\"turnsTimeSeries\":{\"1647839414507\":\"0\",\"1647839414616\":\"0\",\"1647839414710\":\"0\",\"1647839414817\":\"0\",\"1647839415223\":\"0\",\"1647839415329\":\"0\",\"1647839415417\":\"0\",\"1647839415503\":\"0\",\"1647839415518\":\"0\",\"1647839415609\":\"0\",\"1647839415720\":\"0\"},\"timestamp\":1647839415759,\"dst\":{\"DepartureCity\":\"none\",\"ArrivalCity\":\"none\",\"Price \":\"\",\"Date\":\"none\",\"ArrivalTime\":\"none\",\"Class\":\"none\",\"DurationHours \":\"\",\"Airline\":\"none\",\"id \":\"\"}}": ""}